Measurement,Mouse,Time,Pval
AreaShape_Area,DH7,0HR,0.889895742275411
AreaShape_Area,DH7,12HR,0.875882432517263
AreaShape_Area,DH7,24HR,0.413620257498157
AreaShape_Area,DH7,6HR,0.0618308207459042
AreaShape_Area,DH8,0HR,0.437648619475332
AreaShape_Area,DH8,12HR,0.000518715058287258
AreaShape_Area,DH8,24HR,0.000268295187129889
AreaShape_Area,DH8,6HR,0.418246070540029
AreaShape_Area,DH9,0HR,0.00564649727555763
AreaShape_Area,DH9,12HR,1.55868532754526e-05
AreaShape_Area,DH9,24HR,0.149410552850974
AreaShape_Area,DH9,6HR,0.483506406798453
AreaShape_Area,DH10,0HR,0.18880264322873
AreaShape_Area,DH10,12HR,0.00825370940893793
AreaShape_Area,DH10,24HR,0.119609447396221
AreaShape_Area,DH10,6HR,0.178977770406055
AreaShape_Area,CX36,0HR,1.4359059988715e-07
AreaShape_Area,CX36,12HR,0.000121670718964258
AreaShape_Area,CX36,24HR,0.116212488592235
AreaShape_Area,CX36,6HR,0.381850145877003
AreaShape_Area,CX37,0HR,0.153145638975635
AreaShape_Area,CX37,12HR,8.10216355758497e-07
AreaShape_Area,CX37,24HR,0.00153860080083892
AreaShape_Area,CX37,6HR,0.298377832036052
AreaShape_Area,CX38,0HR,0.0394948186727613
AreaShape_Area,CX38,12HR,4.36089764909584e-06
AreaShape_Area,CX38,24HR,0.403851766700113
AreaShape_Area,CX38,6HR,0.184475672831558
AreaShape_Area,BY51,0HR,0.757943000482358
AreaShape_Area,BY51,24HR,0.00692031954933552
AreaShape_Area,BY51,3HR,0.0189276774634708
AreaShape_Area,BY51,6HR,0.00845457369844517
AreaShape_Area,BY53,24HR,9.7781523073907e-06
AreaShape_Area,BY53,6HR,0.00092187279893847
AreaShape_Area,BY52,0HR,0.328201820323085
AreaShape_Area,BY52,24HR,0.00359904533184106
AreaShape_Area,BY52,3HR,0.69794920349244
AreaShape_Area,BY52,6HR,0.662598067626703
AreaShape_Area,BY53,0HR,1.00474047999209e-08
AreaShape_Area,BY53,12HR,0.000532257852459445
AreaShape_Area,BY53,3HR,0.00165354291052702
AreaShape_Area,CX23,0HR,0.166073844265333
AreaShape_Area,CX23,12HR,1.19374952464167e-07
AreaShape_Area,CX23,24HR,0.255635436735994
AreaShape_Area,CX23,3HR,5.7550054838853e-07
AreaShape_Area,CX23,6HR,0.00548759872452821
AreaShape_Area,CX24,0HR,0.00420713644104182
AreaShape_Area,CX24,12HR,1.72611123174478e-08
AreaShape_Area,CX24,24HR,0.147653841718513
AreaShape_Area,CX24,3HR,0.136924348232144
AreaShape_Area,CX24,6HR,0.749584400114792
AreaShape_Perimeter,DH7,0HR,0.320048062372286
AreaShape_Perimeter,DH7,12HR,0.48491729768785
AreaShape_Perimeter,DH7,24HR,0.798363345272408
AreaShape_Perimeter,DH7,6HR,0.265570340796586
AreaShape_Perimeter,DH8,0HR,0.65677647614597
AreaShape_Perimeter,DH8,12HR,0.399415403803663
AreaShape_Perimeter,DH8,24HR,0.0514968549139644
AreaShape_Perimeter,DH8,6HR,0.965207475205702
AreaShape_Perimeter,DH9,0HR,0.0277999853125295
AreaShape_Perimeter,DH9,12HR,0.00225432076383032
AreaShape_Perimeter,DH9,24HR,0.610033681624731
AreaShape_Perimeter,DH9,6HR,0.00186438244379441
AreaShape_Perimeter,DH10,0HR,0.65072521150506
AreaShape_Perimeter,DH10,12HR,0.27922548011513
AreaShape_Perimeter,DH10,24HR,0.720567342900688
AreaShape_Perimeter,DH10,6HR,0.758593687772394
AreaShape_Perimeter,CX36,0HR,0.0244968926559945
AreaShape_Perimeter,CX36,12HR,0.246734102951495
AreaShape_Perimeter,CX36,24HR,0.499568831192946
AreaShape_Perimeter,CX36,6HR,0.282438689771413
AreaShape_Perimeter,CX37,0HR,0.00348694808157852
AreaShape_Perimeter,CX37,12HR,0.379946560587655
AreaShape_Perimeter,CX37,24HR,0.000117320022182131
AreaShape_Perimeter,CX37,6HR,0.0679636049821437
AreaShape_Perimeter,CX38,0HR,0.47327628302316
AreaShape_Perimeter,CX38,12HR,3.69782901045222e-05
AreaShape_Perimeter,CX38,24HR,0.637557087712522
AreaShape_Perimeter,CX38,6HR,0.0356882610523014
AreaShape_Perimeter,BY51,0HR,0.534204911355178
AreaShape_Perimeter,BY51,24HR,0.628813153543435
AreaShape_Perimeter,BY51,3HR,0.00291073570322984
AreaShape_Perimeter,BY51,6HR,0.026095882725736
AreaShape_Perimeter,BY53,24HR,5.35655691094226e-10
AreaShape_Perimeter,BY53,6HR,0.0808537551660636
AreaShape_Perimeter,BY52,0HR,0.891202094227233
AreaShape_Perimeter,BY52,24HR,0.582171344880217
AreaShape_Perimeter,BY52,3HR,0.771933097819629
AreaShape_Perimeter,BY52,6HR,0.113930773685657
AreaShape_Perimeter,BY53,0HR,0.0185841790779772
AreaShape_Perimeter,BY53,12HR,0.293601225249636
AreaShape_Perimeter,BY53,3HR,0.216644756128067
AreaShape_Perimeter,CX23,0HR,0.0397346045353819
AreaShape_Perimeter,CX23,12HR,0.0186512745228066
AreaShape_Perimeter,CX23,24HR,0.833163260217001
AreaShape_Perimeter,CX23,3HR,0.000417742646306149
AreaShape_Perimeter,CX23,6HR,0.971809530092248
AreaShape_Perimeter,CX24,0HR,0.400798233995529
AreaShape_Perimeter,CX24,12HR,0.000776760847376889
AreaShape_Perimeter,CX24,24HR,0.575075467807429
AreaShape_Perimeter,CX24,3HR,1.84380981164567e-05
AreaShape_Perimeter,CX24,6HR,0.27364088835723
CASP.intensity.corrected,DH7,0HR,0.96019915860631
CASP.intensity.corrected,DH7,12HR,0.0802479827261128
CASP.intensity.corrected,DH7,24HR,0.346733929452832
CASP.intensity.corrected,DH7,6HR,2.68354180852805e-34
CASP.intensity.corrected,DH8,0HR,0.0007112472546285
CASP.intensity.corrected,DH8,12HR,0.108077836154805
CASP.intensity.corrected,DH8,24HR,0.418987678206006
CASP.intensity.corrected,DH8,6HR,2.10425875090865e-25
CASP.intensity.corrected,DH9,0HR,0.902883388767979
CASP.intensity.corrected,DH9,12HR,2.42552292868882e-12
CASP.intensity.corrected,DH9,24HR,2.34628803231471e-06
CASP.intensity.corrected,DH9,6HR,5.81448861709806e-16
CASP.intensity.corrected,DH10,0HR,0.00146636176654617
CASP.intensity.corrected,DH10,12HR,0.000109963312280421
CASP.intensity.corrected,DH10,24HR,0.80504406927642
CASP.intensity.corrected,DH10,6HR,4.12630533635711e-24
CASP.intensity.corrected,CX36,0HR,5.6572156986639e-06
CASP.intensity.corrected,CX36,12HR,8.96429571497334e-17
CASP.intensity.corrected,CX36,24HR,3.51406809376593e-05
CASP.intensity.corrected,CX36,6HR,3.9882743554398e-25
CASP.intensity.corrected,CX37,0HR,0.247057987071168
CASP.intensity.corrected,CX37,12HR,3.59078020187318e-07
CASP.intensity.corrected,CX37,24HR,0.848820281990772
CASP.intensity.corrected,CX37,6HR,1.75039568496298e-23
CASP.intensity.corrected,CX38,0HR,0.490224949487873
CASP.intensity.corrected,CX38,12HR,1.20066006912684e-36
CASP.intensity.corrected,CX38,24HR,0.00764417032657753
CASP.intensity.corrected,CX38,6HR,4.61352596227174e-53
CASP.intensity.corrected,BY51,0HR,0.0754326392036564
CASP.intensity.corrected,BY51,24HR,2.82537836892353e-05
CASP.intensity.corrected,BY51,3HR,7.8193354758169e-05
CASP.intensity.corrected,BY51,6HR,2.47730733654898e-05
CASP.intensity.corrected,BY53,24HR,5.81284528670902e-74
CASP.intensity.corrected,BY53,6HR,2.21021728879312e-15
CASP.intensity.corrected,BY52,0HR,1.16501326596042e-05
CASP.intensity.corrected,BY52,24HR,7.7062507434646e-07
CASP.intensity.corrected,BY52,3HR,0.591042635691923
CASP.intensity.corrected,BY52,6HR,9.26356926429516e-23
CASP.intensity.corrected,BY53,0HR,0.144880261713282
CASP.intensity.corrected,BY53,12HR,0.0223622570130204
CASP.intensity.corrected,BY53,3HR,0.0609352294988595
CASP.intensity.corrected,CX23,0HR,0.0395933022655622
CASP.intensity.corrected,CX23,12HR,0.207343068318434
CASP.intensity.corrected,CX23,24HR,0.000794227283220836
CASP.intensity.corrected,CX23,3HR,0.0163006517662474
CASP.intensity.corrected,CX23,6HR,9.26863001563533e-12
CASP.intensity.corrected,CX24,0HR,1.28802198384918e-11
CASP.intensity.corrected,CX24,12HR,0.118528119964022
CASP.intensity.corrected,CX24,24HR,1.03350776745442e-06
CASP.intensity.corrected,CX24,3HR,1.55928720529914e-06
CASP.intensity.corrected,CX24,6HR,2.53084265066124e-05
EDU.Intensity.corrected,DH7,0HR,4.02172933030326e-39
EDU.Intensity.corrected,DH7,12HR,3.45197233928749e-28
EDU.Intensity.corrected,DH7,24HR,1.70862338392898e-23
EDU.Intensity.corrected,DH7,6HR,1.91831476735966e-60
EDU.Intensity.corrected,DH8,0HR,8.31873313909173e-19
EDU.Intensity.corrected,DH8,12HR,2.66781259143088e-19
EDU.Intensity.corrected,DH8,24HR,1.74358912016056e-26
EDU.Intensity.corrected,DH8,6HR,4.65029043555745e-54
EDU.Intensity.corrected,DH9,0HR,5.27084388264068e-36
EDU.Intensity.corrected,DH9,12HR,3.44724174021823e-38
EDU.Intensity.corrected,DH9,24HR,3.82226514217099e-13
EDU.Intensity.corrected,DH9,6HR,6.30970677266782e-63
EDU.Intensity.corrected,DH10,0HR,9.4489499637592e-34
EDU.Intensity.corrected,DH10,12HR,3.24062985478029e-15
EDU.Intensity.corrected,DH10,24HR,8.70490704784778e-26
EDU.Intensity.corrected,DH10,6HR,4.90351827981628e-69
EDU.Intensity.corrected,CX36,0HR,2.21289886106257e-38
EDU.Intensity.corrected,CX36,12HR,8.47918393430852e-06
EDU.Intensity.corrected,CX36,24HR,7.08384807031357e-40
EDU.Intensity.corrected,CX36,6HR,5.96460976496555e-69
EDU.Intensity.corrected,CX37,0HR,6.59233138766525e-21
EDU.Intensity.corrected,CX37,12HR,0.00135338417524512
EDU.Intensity.corrected,CX37,24HR,2.61588439587122e-82
EDU.Intensity.corrected,CX37,6HR,8.1032710425179e-81
EDU.Intensity.corrected,CX38,0HR,2.7733215723553e-33
EDU.Intensity.corrected,CX38,12HR,3.14428669916131e-12
EDU.Intensity.corrected,CX38,24HR,2.32872274985572e-08
EDU.Intensity.corrected,CX38,6HR,4.22863378214661e-31
EDU.Intensity.corrected,BY51,0HR,4.29132895594718e-13
EDU.Intensity.corrected,BY51,24HR,0.0583316711087048
EDU.Intensity.corrected,BY51,3HR,3.44554968869497e-33
EDU.Intensity.corrected,BY51,6HR,0.00175447126929088
EDU.Intensity.corrected,BY53,24HR,1.0289524346782e-18
EDU.Intensity.corrected,BY53,6HR,5.30175466298185e-74
EDU.Intensity.corrected,BY52,0HR,0.00042653346529094
EDU.Intensity.corrected,BY52,24HR,4.4760040876741e-19
EDU.Intensity.corrected,BY52,3HR,5.30552835602669e-101
EDU.Intensity.corrected,BY52,6HR,7.23033011483156e-17
EDU.Intensity.corrected,BY53,0HR,1.48863621690069e-68
EDU.Intensity.corrected,BY53,12HR,1.05227219922339e-52
EDU.Intensity.corrected,BY53,3HR,0.000610947812660335
EDU.Intensity.corrected,CX23,0HR,0.528831530118825
EDU.Intensity.corrected,CX23,12HR,1.66834999580417e-64
EDU.Intensity.corrected,CX23,24HR,3.10721814426584e-13
EDU.Intensity.corrected,CX23,3HR,0.00141520797031182
EDU.Intensity.corrected,CX23,6HR,5.49026416095843e-05
EDU.Intensity.corrected,CX24,0HR,3.10213739349726e-10
EDU.Intensity.corrected,CX24,12HR,1.13619995128162e-113
EDU.Intensity.corrected,CX24,24HR,9.40238424017303e-07
EDU.Intensity.corrected,CX24,3HR,6.68472576348015e-17
EDU.Intensity.corrected,CX24,6HR,8.27051656225392e-10
TUNEL.Intensity.Corrected,DH7,0HR,0.000378118072952838
TUNEL.Intensity.Corrected,DH7,12HR,0.000266860680715982
TUNEL.Intensity.Corrected,DH7,24HR,1.06189577027294e-06
TUNEL.Intensity.Corrected,DH7,6HR,0.285958847260113
TUNEL.Intensity.Corrected,DH8,0HR,3.45981755205873e-06
TUNEL.Intensity.Corrected,DH8,12HR,8.34256445038897e-16
TUNEL.Intensity.Corrected,DH8,24HR,2.18431549245767e-05
TUNEL.Intensity.Corrected,DH8,6HR,1.56212065362341e-09
TUNEL.Intensity.Corrected,DH9,0HR,0.000618981557990358
TUNEL.Intensity.Corrected,DH9,12HR,1.93120880587939e-06
TUNEL.Intensity.Corrected,DH9,24HR,0.275950339791283
TUNEL.Intensity.Corrected,DH9,6HR,6.26751256911569e-15
TUNEL.Intensity.Corrected,DH10,0HR,3.03531335119697e-19
TUNEL.Intensity.Corrected,DH10,12HR,0.00055726706828355
TUNEL.Intensity.Corrected,DH10,24HR,0.00014619334977794
TUNEL.Intensity.Corrected,DH10,6HR,0.0147731138444435
TUNEL.Intensity.Corrected,CX36,0HR,2.35418865687697e-43
TUNEL.Intensity.Corrected,CX36,12HR,1.66155825053821e-08
TUNEL.Intensity.Corrected,CX36,24HR,0.00696787838108338
TUNEL.Intensity.Corrected,CX36,6HR,0.0253526383869868
TUNEL.Intensity.Corrected,CX37,0HR,0.0930141323517035
TUNEL.Intensity.Corrected,CX37,12HR,0.000801346334810049
TUNEL.Intensity.Corrected,CX37,24HR,7.89155550462066e-06
TUNEL.Intensity.Corrected,CX37,6HR,0.366623819493141
TUNEL.Intensity.Corrected,CX38,0HR,2.09095549994251e-25
TUNEL.Intensity.Corrected,CX38,12HR,9.54912397263284e-09
TUNEL.Intensity.Corrected,CX38,24HR,0.0510166457745213
TUNEL.Intensity.Corrected,CX38,6HR,5.30792427717855e-27
TUNEL.Intensity.Corrected,BY51,0HR,0.0921373296364447
TUNEL.Intensity.Corrected,BY51,24HR,0.0244994424391418
TUNEL.Intensity.Corrected,BY51,3HR,0.0670802790439388
TUNEL.Intensity.Corrected,BY51,6HR,8.89629101897726e-23
TUNEL.Intensity.Corrected,BY53,24HR,2.71425549994303e-80
TUNEL.Intensity.Corrected,BY53,6HR,0.00785933218822251
TUNEL.Intensity.Corrected,BY52,0HR,0.395599800442838
TUNEL.Intensity.Corrected,BY52,24HR,8.22550472082953e-08
TUNEL.Intensity.Corrected,BY52,3HR,4.74444601986261e-06
TUNEL.Intensity.Corrected,BY52,6HR,2.16329769628841e-06
TUNEL.Intensity.Corrected,BY53,0HR,6.60532370088038e-06
TUNEL.Intensity.Corrected,BY53,12HR,0.545198317905282
TUNEL.Intensity.Corrected,BY53,3HR,0.354407843519586
TUNEL.Intensity.Corrected,CX23,0HR,2.04214480634008e-133
TUNEL.Intensity.Corrected,CX23,12HR,6.72653169921734e-34
TUNEL.Intensity.Corrected,CX23,24HR,0.000151060100683744
TUNEL.Intensity.Corrected,CX23,3HR,2.85680337896134e-101
TUNEL.Intensity.Corrected,CX23,6HR,1.59171716590311e-06
TUNEL.Intensity.Corrected,CX24,0HR,7.05136183780014e-38
TUNEL.Intensity.Corrected,CX24,12HR,1.35112422882113e-53
TUNEL.Intensity.Corrected,CX24,24HR,4.39040053974292e-08
TUNEL.Intensity.Corrected,CX24,3HR,9.21511891560111e-96
TUNEL.Intensity.Corrected,CX24,6HR,0.712272818367698
CASP.area.corrected,DH7,0HR,0.00901470138141381
CASP.area.corrected,DH7,12HR,0.984431958129197
CASP.area.corrected,DH7,24HR,0.000629824867927776
CASP.area.corrected,DH7,6HR,1.18394551051983e-46
CASP.area.corrected,DH8,0HR,0.418215609114861
CASP.area.corrected,DH8,12HR,0.375564785338142
CASP.area.corrected,DH8,24HR,0.842758275312458
CASP.area.corrected,DH8,6HR,4.44951331385764e-24
CASP.area.corrected,DH9,0HR,0.00185078388285648
CASP.area.corrected,DH9,12HR,2.2979915752993e-09
CASP.area.corrected,DH9,24HR,3.72436072921554e-05
CASP.area.corrected,DH9,6HR,2.80577578098022e-26
CASP.area.corrected,DH10,0HR,8.64319268969323e-06
CASP.area.corrected,DH10,12HR,0.0264777606528883
CASP.area.corrected,DH10,24HR,0.000172149788219607
CASP.area.corrected,DH10,6HR,6.7693685797152e-23
CASP.area.corrected,CX36,0HR,0.700264010631029
CASP.area.corrected,CX36,12HR,9.72570306142623e-15
CASP.area.corrected,CX36,24HR,2.36498119186295e-19
CASP.area.corrected,CX36,6HR,6.58969063096556e-34
CASP.area.corrected,CX37,0HR,0.0138578864330742
CASP.area.corrected,CX37,12HR,1.57177383502854e-06
CASP.area.corrected,CX37,24HR,1.67710792438969e-05
CASP.area.corrected,CX37,6HR,9.50211014966164e-30
CASP.area.corrected,CX38,0HR,0.0427042173595476
CASP.area.corrected,CX38,12HR,3.23142010114311e-28
CASP.area.corrected,CX38,24HR,4.26136642350261e-08
CASP.area.corrected,CX38,6HR,3.57866712060766e-50
CASP.area.corrected,BY51,0HR,0.000383301622630717
CASP.area.corrected,BY51,24HR,0.0148586774523582
CASP.area.corrected,BY51,3HR,0.00010585416650282
CASP.area.corrected,BY51,6HR,4.51532687932799e-05
CASP.area.corrected,BY53,24HR,8.12858913993986e-45
CASP.area.corrected,BY53,6HR,8.28127562905053e-18
CASP.area.corrected,BY52,0HR,3.80492665812443e-09
CASP.area.corrected,BY52,24HR,0.0155634219967261
CASP.area.corrected,BY52,3HR,0.0187591796559563
CASP.area.corrected,BY52,6HR,3.61752342481647e-22
CASP.area.corrected,BY53,0HR,3.2407079318786e-13
CASP.area.corrected,BY53,12HR,0.407651928675234
CASP.area.corrected,BY53,3HR,0.021522295429941
CASP.area.corrected,CX23,0HR,0.000927874223141451
CASP.area.corrected,CX23,12HR,1.77591142928954e-14
CASP.area.corrected,CX23,24HR,0.953205928282674
CASP.area.corrected,CX23,3HR,9.24780829556811e-05
CASP.area.corrected,CX23,6HR,2.83869538763664e-09
CASP.area.corrected,CX24,0HR,2.84051688469234e-09
CASP.area.corrected,CX24,12HR,3.80612251478009e-14
CASP.area.corrected,CX24,24HR,0.000731575378889973
CASP.area.corrected,CX24,3HR,0.215643490771846
CASP.area.corrected,CX24,6HR,2.44283070489173e-09
EDU.area.corrected,DH7,0HR,3.51787039225912e-37
EDU.area.corrected,DH7,12HR,8.39878109489833e-31
EDU.area.corrected,DH7,24HR,4.23810187710265e-17
EDU.area.corrected,DH7,6HR,1.65651549934632e-68
EDU.area.corrected,DH8,0HR,2.24348808418705e-16
EDU.area.corrected,DH8,12HR,5.7749308250685e-29
EDU.area.corrected,DH8,24HR,5.24896919681448e-35
EDU.area.corrected,DH8,6HR,1.96549181054239e-58
EDU.area.corrected,DH9,0HR,4.4034331260525e-32
EDU.area.corrected,DH9,12HR,7.42156270532219e-37
EDU.area.corrected,DH9,24HR,1.32210837286603e-24
EDU.area.corrected,DH9,6HR,2.52966417653642e-79
EDU.area.corrected,DH10,0HR,3.80199039856778e-61
EDU.area.corrected,DH10,12HR,7.82968634338582e-21
EDU.area.corrected,DH10,24HR,1.2967636111832e-42
EDU.area.corrected,DH10,6HR,1.01486879629588e-82
EDU.area.corrected,CX36,0HR,4.00046868503336e-19
EDU.area.corrected,CX36,12HR,1.32730687844525e-08
EDU.area.corrected,CX36,24HR,7.00570931850267e-46
EDU.area.corrected,CX36,6HR,1.47148370014338e-111
EDU.area.corrected,CX37,0HR,1.19709977420551e-20
EDU.area.corrected,CX37,12HR,0.0471778069045093
EDU.area.corrected,CX37,24HR,5.77209229371638e-164
EDU.area.corrected,CX37,6HR,1.22075836321824e-83
EDU.area.corrected,CX38,0HR,1.12805689411419e-20
EDU.area.corrected,CX38,12HR,5.46384706903615e-08
EDU.area.corrected,CX38,24HR,9.03994096500369e-06
EDU.area.corrected,CX38,6HR,5.5809626663014e-50
EDU.area.corrected,BY51,0HR,2.52345180014648e-08
EDU.area.corrected,BY51,24HR,0.0784568022287644
EDU.area.corrected,BY51,3HR,8.76315702839841e-45
EDU.area.corrected,BY51,6HR,3.07258753909439e-05
EDU.area.corrected,BY53,24HR,1.72438681046681e-15
EDU.area.corrected,BY53,6HR,3.46433120622068e-76
EDU.area.corrected,BY52,0HR,0.0692299260120949
EDU.area.corrected,BY52,24HR,6.11294733448709e-12
EDU.area.corrected,BY52,3HR,6.79227619170114e-114
EDU.area.corrected,BY52,6HR,7.93641991924159e-21
EDU.area.corrected,BY53,0HR,2.86675878329711e-56
EDU.area.corrected,BY53,12HR,6.93020921923541e-64
EDU.area.corrected,BY53,3HR,0.725136490927244
EDU.area.corrected,CX23,0HR,0.765799797156025
EDU.area.corrected,CX23,12HR,1.86904387091767e-61
EDU.area.corrected,CX23,24HR,5.40579630542904e-05
EDU.area.corrected,CX23,3HR,2.4408794073316e-07
EDU.area.corrected,CX23,6HR,7.42353274512284e-06
EDU.area.corrected,CX24,0HR,3.8299828190805e-17
EDU.area.corrected,CX24,12HR,2.42781725678824e-122
EDU.area.corrected,CX24,24HR,3.04848062155142e-06
EDU.area.corrected,CX24,3HR,3.54521020210925e-13
EDU.area.corrected,CX24,6HR,8.65706613891861e-11
TUNEL.area.Corrected,DH7,0HR,0.700267663351806
TUNEL.area.Corrected,DH7,12HR,0.00284077088592723
TUNEL.area.Corrected,DH7,24HR,0.601377176788667
TUNEL.area.Corrected,DH7,6HR,2.59880670936163e-05
TUNEL.area.Corrected,DH8,0HR,0.00678429037434865
TUNEL.area.Corrected,DH8,12HR,0.000232984751748506
TUNEL.area.Corrected,DH8,24HR,4.3164368379636e-05
TUNEL.area.Corrected,DH8,6HR,4.98250648973198e-09
TUNEL.area.Corrected,DH9,0HR,9.09552423952553e-59
TUNEL.area.Corrected,DH9,12HR,0.00363300736520124
TUNEL.area.Corrected,DH9,24HR,0.00556575327704636
TUNEL.area.Corrected,DH9,6HR,0.0152995022153741
TUNEL.area.Corrected,DH10,0HR,6.89840512007041e-19
TUNEL.area.Corrected,DH10,12HR,0.146017955206268
TUNEL.area.Corrected,DH10,24HR,0.00413842479148819
TUNEL.area.Corrected,DH10,6HR,0.0696949615188358
TUNEL.area.Corrected,CX36,0HR,2.15896620726072e-14
TUNEL.area.Corrected,CX36,12HR,8.19997912468644e-06
TUNEL.area.Corrected,CX36,24HR,0.344208236791469
TUNEL.area.Corrected,CX36,6HR,0.00176049382234281
TUNEL.area.Corrected,CX37,0HR,0.196920752341377
TUNEL.area.Corrected,CX37,12HR,0.00206293494545925
TUNEL.area.Corrected,CX37,24HR,0.400765058351353
TUNEL.area.Corrected,CX37,6HR,0.96662834973053
TUNEL.area.Corrected,CX38,0HR,2.44350334760913e-09
TUNEL.area.Corrected,CX38,12HR,4.50043704855642e-06
TUNEL.area.Corrected,CX38,24HR,7.9148264084734e-15
TUNEL.area.Corrected,CX38,6HR,1.48249408669486e-09
TUNEL.area.Corrected,BY51,0HR,4.40612795402788e-08
TUNEL.area.Corrected,BY51,24HR,0.372599719356629
TUNEL.area.Corrected,BY51,3HR,0.00556387073383703
TUNEL.area.Corrected,BY51,6HR,1.82991089768332e-12
TUNEL.area.Corrected,BY53,24HR,0.0386963142476532
TUNEL.area.Corrected,BY53,6HR,0.00143712345609108
TUNEL.area.Corrected,BY52,0HR,0.00110231545970989
TUNEL.area.Corrected,BY52,24HR,0.217353485492641
TUNEL.area.Corrected,BY52,3HR,0.000701179401393317
TUNEL.area.Corrected,BY52,6HR,0.0175689157989433
TUNEL.area.Corrected,BY53,0HR,1.50374241246252e-19
TUNEL.area.Corrected,BY53,12HR,1.88877466112136e-05
TUNEL.area.Corrected,BY53,3HR,4.2856684709187e-17
TUNEL.area.Corrected,CX23,0HR,2.9327287455978e-151
TUNEL.area.Corrected,CX23,12HR,0.152591821134183
TUNEL.area.Corrected,CX23,24HR,0.142740179533567
TUNEL.area.Corrected,CX23,3HR,1.33880940988154e-29
TUNEL.area.Corrected,CX23,6HR,8.47228467705838e-06
TUNEL.area.Corrected,CX24,0HR,9.67386947605328e-83
TUNEL.area.Corrected,CX24,12HR,0.00352548581632362
TUNEL.area.Corrected,CX24,24HR,0.0312040132183558
TUNEL.area.Corrected,CX24,3HR,2.1920972821561e-239
TUNEL.area.Corrected,CX24,6HR,0.0344604304137994
